City,Lat,Lng,Max Temp,Humidity,Cloudiness,Wind Speed,Country,Date
Hilo,19.7297,-155.09,69.8,78,1,6.91,US,1610090621
Mareeba,-17.0,145.4333,86.0,79,75,4.61,AU,1610090246
Cabo San Lucas,22.8909,-109.9124,61.0,68,0,1.01,MX,1610090457
Saskylakh,71.9167,114.0833,-25.15,85,99,6.76,RU,1610090151
Cross Lanes,38.4204,-81.7907,35.01,80,90,6.91,US,1610090458
East London,-33.0153,27.9116,73.4,78,20,17.27,ZA,1610090190
Hobart,-42.8794,147.3294,69.01,63,20,17.27,AU,1610089986
Gasa,31.5,34.4667,66.99,35,0,1.99,PS,1610090458
Cape Town,-33.9258,18.4232,75.0,53,0,18.41,ZA,1610090281
Awjilah,29.1081,21.2869,61.61,48,14,1.86,LY,1610090459
Saint-Philippe,-21.3585,55.7679,84.2,58,0,27.63,RE,1610090078
Zeerust,-25.5369,26.0751,73.4,73,75,10.36,ZA,1610090459
Dikson,73.5069,80.5464,-2.58,92,100,15.37,RU,1610090075
Provideniya,64.3833,-173.3,-8.19,82,0,4.14,RU,1610090089
Saint-Augustin,51.226,-58.6502,41.25,86,100,21.63,CA,1610090193
Marquette,46.5333,-87.6335,28.99,82,100,4.03,US,1610090460
Tuktoyaktuk,69.4541,-133.0374,-7.6,77,1,6.91,CA,1610090119
Butaritari,3.0707,172.7902,81.16,83,23,20.04,KI,1610090669
Nikolskoye,59.7035,30.7861,24.8,86,75,6.71,RU,1610090085
Baiao,-2.7906,-49.6717,72.57,98,95,0.56,BR,1610090461
Jamestown,42.097,-79.2353,25.0,93,90,4.61,US,1610090648
Tahoua,14.8888,5.2692,71.6,17,0,6.91,NE,1610090461
Tuy Hoa,13.0833,109.3,74.3,86,95,17.18,VN,1610090461
Ostrovnoy,68.0531,39.5131,8.29,94,5,7.74,RU,1610090092
Colon,9.3592,-79.9014,77.0,81,80,8.01,PA,1610090462
Bakchar,57.0186,82.0711,-4.86,89,100,3.2,RU,1610090462
Ayan,56.45,138.1667,-14.85,75,96,6.93,RU,1610090194
Upernavik,72.7868,-56.1549,-3.77,91,12,9.17,GL,1610090086
Santiago,-33.4569,-70.6483,68.0,63,0,6.91,CL,1610090347
Terrace,54.5163,-128.6035,35.6,80,75,19.57,CA,1610090249
Freeport,40.6576,-73.5832,30.99,64,1,10.36,US,1610090464
Chernyshevskiy,63.0128,112.4714,4.19,94,100,9.57,RU,1610090464
Albany,42.6001,-73.9662,25.0,77,11,5.99,US,1610090386
Asfi,32.2994,-9.2372,62.37,87,100,21.59,MA,1610090132
Vaini,-21.2,-175.2,78.8,94,75,3.44,TO,1610090673
Katsuura,35.1333,140.3,46.99,28,50,8.01,JP,1610090673
Saint Anthony,45.0205,-93.218,21.0,93,90,1.7,US,1610090229
Barrow,71.2906,-156.7887,-7.6,77,90,2.77,US,1610090089
Briancon,44.9,6.65,23.0,64,0,2.73,FR,1610090465
Salekhard,66.53,66.6019,-17.46,87,86,10.16,RU,1610090465
Touros,-5.1989,-35.4608,77.0,83,20,5.75,BR,1610090177
Alta Floresta,-9.8756,-56.0861,72.3,85,100,1.12,BR,1610090466
Petropavlovsk-Kamchatskiy,53.0452,158.6483,1.4,71,40,6.71,RU,1610090466
Longyearbyen,78.2186,15.6401,37.4,56,40,12.66,SJ,1610090511
Aschersleben,51.75,11.4667,35.01,88,81,1.01,DE,1610090466
Hermanus,-34.4187,19.2345,72.0,68,100,3.0,ZA,1610090076
Mataura,-46.1927,168.8643,57.99,71,54,11.01,NZ,1610090078
Arraial Do Cabo,-22.9661,-42.0278,75.43,92,2,9.69,BR,1610090467
Waingapu,-9.6567,120.2641,85.08,70,95,4.88,ID,1610090083
Sur,22.5667,59.5289,68.16,42,0,23.62,OM,1610090468
Bredasdorp,-34.5322,20.0403,73.4,53,88,8.05,ZA,1610090129
Verkhnevilyuysk,63.4453,120.3167,-7.04,91,100,0.29,RU,1610090308
Vinzili,56.9594,65.7708,1.4,71,0,11.18,RU,1610090468
Boende,-0.2167,20.8667,73.87,90,100,3.83,CD,1610090468
Atikokan,48.7555,-91.6216,16.02,97,33,3.53,CA,1610090469
Busselton,-33.65,115.3333,100.99,16,0,5.99,AU,1610090677
Ushuaia,-54.8,-68.3,46.4,87,75,14.97,AR,1610090677
Atuona,-9.8,-139.0333,77.31,76,2,13.47,PF,1610090678
Flinders,-34.5833,150.8552,72.0,65,54,1.99,AU,1610089916
Ribeira Grande,38.5167,-28.7,53.6,71,20,6.91,PT,1610090470
Ancud,-41.8697,-73.8203,48.0,87,75,3.44,CL,1610090119
Batagay-Alyta,67.8006,130.4114,-11.24,89,100,1.23,RU,1610090470
San Cristobal,7.7669,-72.225,64.04,83,88,1.45,VE,1610090471
Ponta Do Sol,32.6667,-17.1,50.0,76,88,5.01,PT,1610090471
San Patricio,28.017,-97.5169,50.0,76,1,10.36,US,1610090471
Rikitea,-23.1203,-134.9692,78.33,70,97,0.69,PF,1610090680
Borogontsy,62.6683,131.1683,-46.91,76,58,4.16,RU,1610090204
Kruisfontein,-34.0033,24.7314,78.01,68,49,8.99,ZA,1610090680
Port Moresby,-9.4431,147.1797,87.8,74,40,16.11,PG,1610090472
Hithadhoo,-0.6,73.0833,83.48,79,83,18.61,MV,1610090681
Geraldton,-28.7667,114.6,96.8,20,93,13.8,AU,1610090168
Celestun,20.8667,-90.4,69.98,77,1,12.73,MX,1610090473
Salinopolis,-0.6136,-47.3561,79.95,83,87,9.93,BR,1610090473
Piacabucu,-10.4056,-36.4344,76.23,84,73,6.46,BR,1610090473
Fujin,47.26,132.0322,-9.83,83,100,9.06,CN,1610090244
Thompson,55.7435,-97.8558,14.0,100,1,6.91,CA,1610090463
Kodinsk,58.6881,99.1844,-1.26,85,0,6.55,RU,1610090236
Saint George,37.1041,-113.5841,39.2,41,1,4.61,US,1610090427
Port Hedland,-20.3167,118.5667,93.2,52,42,10.36,AU,1610090474
Ibra,22.6906,58.5334,65.88,39,0,15.35,OM,1610090316
Bluff,-46.6,168.3333,57.0,73,63,8.99,NZ,1610090683
Richards Bay,-28.783,32.0377,81.36,61,0,8.93,ZA,1610090361
Aquidauana,-20.4711,-55.7872,73.83,90,99,1.81,BR,1610090475
Westport,41.1415,-73.3579,28.99,69,1,6.91,US,1610090232
Hami,42.8,93.45,17.82,57,98,8.59,CN,1610090134
Mandalgovi,45.7625,106.2708,5.72,83,0,24.58,MN,1610090476
Punta Arenas,-53.15,-70.9167,48.2,81,90,18.41,CL,1610090476
Castro,-24.7911,-50.0119,64.6,96,100,3.22,BR,1610090122
Pacific Grove,36.6177,-121.9166,51.01,87,1,3.09,US,1610090339
Alofi,-19.0595,-169.9187,78.8,89,93,4.61,NU,1610090144
Padang,-0.9492,100.3543,85.91,67,100,5.19,ID,1610090194
Cherskiy,68.75,161.3,-13.27,89,97,1.77,RU,1610090144
Fortuna,40.5982,-124.1573,52.0,93,75,20.71,US,1610090130
Minsk,53.9,27.5667,28.4,93,75,8.95,BY,1610090380
Bethel,41.3712,-73.414,26.6,68,1,4.61,US,1610090142
Ipameri,-17.7219,-48.1597,66.72,92,100,2.06,BR,1610090478
Iqaluit,63.7506,-68.5145,-20.2,69,40,2.3,CA,1610090088
Labuhan,-6.8844,112.2051,81.57,80,99,5.14,ID,1610090120
Bose,45.4612,8.0137,28.99,84,0,4.74,IT,1610090479
Dunda,-8.1167,34.25,76.6,75,80,1.79,TZ,1610090479
Kapaa,22.0752,-159.319,69.8,88,1,5.75,US,1610090687
Tezu,27.9167,96.1667,80.19,23,0,4.0,IN,1610090479
Necochea,-38.5473,-58.7368,61.0,85,53,15.95,AR,1610090688
Lichinga,-13.3128,35.2406,75.2,78,75,10.36,MZ,1610090480
Carnarvon,-24.8667,113.6333,93.2,49,36,19.57,AU,1610089984
Cidreira,-30.1811,-50.2056,72.68,86,4,7.67,BR,1610090137
Talnakh,69.4865,88.3972,-11.27,88,100,14.92,RU,1610090135
Matagami,49.7502,-77.6328,-0.4,92,90,5.75,CA,1610090481
Souillac,-20.5167,57.5167,82.4,69,75,13.8,MU,1610090140
Mar Del Plata,-38.0023,-57.5575,62.6,88,90,3.44,AR,1610090481
Port Alfred,-33.5906,26.891,75.0,84,54,10.0,ZA,1610090481
Portland,45.5234,-122.6762,48.99,66,75,23.02,US,1610090285
Avesta,60.1455,16.1679,32.0,93,90,3.44,SE,1610090482
Victoria,22.2855,114.1577,50.0,40,100,1.99,HK,1610089886
Atbasar,51.8,68.3333,-14.85,87,66,4.47,KZ,1610090482
Meadow Lake,34.8014,-106.5436,37.4,28,20,3.44,US,1610090482
Riyadh,24.6877,46.7219,53.6,76,75,8.05,SA,1610090242
Artyom,40.4723,50.333,44.6,65,0,29.93,AZ,1610090483
New Norfolk,-42.7826,147.0587,73.99,44,72,1.99,AU,1610090483
Plastun,44.7561,136.2939,-4.13,76,100,14.67,RU,1610090483
Puerto Ayora,-0.7393,-90.3518,73.0,95,1,6.06,EC,1610090484
Ahipara,-35.1667,173.1667,66.9,82,13,7.16,NZ,1610090206
Panaci,47.2667,25.3833,24.01,85,100,1.74,RO,1610090484
Fallon,39.4735,-118.7774,28.4,64,75,5.75,US,1610090484
Atherton,53.5237,-2.4935,36.0,87,100,4.0,GB,1610090485
Khatanga,71.9667,102.5,-1.28,93,100,8.03,RU,1610090693
Cayenne,4.9333,-52.3333,73.4,100,75,5.79,GF,1610090693
Tateyama,34.9833,139.8667,46.99,28,47,8.01,JP,1610090485
Leningradskiy,69.3833,178.4167,-15.74,83,38,6.22,RU,1610090694
College,64.8569,-147.8028,-0.4,78,75,3.8,US,1610090179
Valkeala,60.9401,26.7979,23.0,93,90,6.91,FI,1610090486
Baykit,61.67,96.37,-13.31,82,0,4.41,RU,1610090279
Horsham,51.064,-0.3272,28.99,100,40,1.14,GB,1610090486
Sars,56.5502,57.1366,10.17,95,100,9.95,RU,1610090487
Bambous Virieux,-20.3428,57.7575,82.99,69,75,13.8,MU,1610090215
Pevek,69.7008,170.3133,-10.66,91,98,3.31,RU,1610090123
Port Elizabeth,-33.918,25.5701,75.2,78,75,20.71,ZA,1610090488
Hambantota,6.1241,81.1185,84.2,84,75,6.91,LK,1610090214
Lata,40.1629,-8.3327,39.99,69,100,3.44,PT,1610090234
Georgetown,5.4112,100.3354,89.6,58,40,11.5,MY,1610090553
Antsohihy,-14.8796,47.9875,90.27,59,0,1.99,MG,1610090489
Qaanaaq,77.484,-69.3632,-7.2,86,100,15.23,GL,1610090697
Muros,42.7762,-9.0603,36.0,80,0,1.99,ES,1610090489
Nanortalik,60.1432,-45.2371,36.54,95,100,1.97,GL,1610090118
Tazmalt,36.3868,4.3989,53.15,69,100,6.49,DZ,1610090489
Yellowknife,62.456,-114.3525,-4.0,84,1,5.75,CA,1610090698
Tasiilaq,65.6145,-37.6368,14.0,67,0,35.68,GL,1610090122
Oudtshoorn,-33.5907,22.2014,68.0,88,90,6.91,ZA,1610090299
Gunjur,13.2019,-16.7339,62.6,94,0,13.18,GM,1610090490
Chokurdakh,70.6333,147.9167,-11.67,90,100,5.97,RU,1610090133
Bazarnyye Mataki,54.8833,49.9333,19.63,97,100,12.44,RU,1610090491
Chuy,-33.6971,-53.4616,65.03,87,0,6.15,UY,1610090699
Zhuanghe,39.7008,122.9911,8.42,71,0,13.8,CN,1610090491
Nizhniy Kuranakh,58.8353,125.4869,-3.37,89,100,8.75,RU,1610090491
Teguldet,57.3064,88.1667,-6.03,84,100,5.39,RU,1610090241
Nuuk,64.1835,-51.7216,17.6,73,20,19.57,GL,1610090434
Ha Tinh,18.3333,105.9,54.05,76,86,13.09,VN,1610090492
Olafsvik,64.8945,-23.7142,41.63,93,100,24.23,IS,1610090232
Antanifotsy,-19.65,47.3167,78.17,48,0,3.02,MG,1610090493
Moose Factory,51.2585,-80.6094,-0.4,84,1,4.61,CA,1610090493
Keti Bandar,24.1447,67.4497,72.01,23,0,14.32,PK,1610090493
Sitka,57.0531,-135.33,46.4,66,90,13.8,US,1610090701
Murygino,58.7383,49.4582,10.45,95,100,5.41,RU,1610090494
Clyde River,70.4692,-68.5914,1.4,66,75,9.22,CA,1610090494
Kendari,-3.945,122.4989,83.34,82,83,2.75,ID,1610090494
Lagoa,39.05,-27.9833,55.92,71,0,15.61,PT,1610090702
Campbellsville,37.3434,-85.3419,35.01,100,40,6.91,US,1610090495
Codrington,-38.2667,141.9667,66.22,69,0,16.4,AU,1610090703
Narsaq,60.9167,-46.05,35.6,93,90,1.14,GL,1610090136
Ewa Beach,21.3156,-158.0072,75.2,83,1,4.41,US,1610090495
Oktyabrskiy,54.4815,53.471,15.75,95,100,12.08,RU,1610090496
Whitehaven,54.549,-3.5841,30.0,95,100,4.0,GB,1610090496
De Haan,51.272,3.0429,39.2,81,75,11.5,BE,1610090497
Yomou,7.5603,-9.2653,70.25,97,100,1.86,GN,1610090497
Kaitangata,-46.2817,169.8464,57.0,63,64,8.01,NZ,1610090127
Avarua,-21.2078,-159.775,78.8,78,20,5.75,CK,1610090704
Karratha,-20.7377,116.8463,96.67,40,19,15.41,AU,1610090127
Laguna,38.421,-121.4238,42.01,93,1,3.44,US,1610090244
Maridi,4.9158,29.4742,83.61,26,0,6.67,SS,1610090498
Torbay,47.6666,-52.7314,42.01,100,90,14.97,CA,1610090705
Sabang,5.8933,95.3214,83.05,75,0,22.66,ID,1610090249
Whitianga,-36.8333,175.7,72.0,74,0,5.01,NZ,1610090499
Bagdarin,54.4333,113.6,-3.51,82,100,5.19,RU,1610090499
Bandar-E Lengeh,26.5579,54.8807,66.2,30,0,13.8,IR,1610090500
Vila Velha,-20.3297,-40.2925,77.0,83,0,10.36,BR,1610090361
Parsabad,39.6482,47.9174,39.2,87,0,4.61,IR,1610090500
Newport,51.5877,-2.9984,36.0,97,100,5.97,GB,1610090501
Miyako,39.6367,141.9525,26.02,84,8,10.45,JP,1610090501
Port-Cartier,50.0334,-66.8654,21.2,73,100,13.8,CA,1610090193
Oliveira De Azemeis,40.841,-8.4756,39.99,65,0,8.05,PT,1610090502
Savannah Bight,16.45,-85.85,75.99,89,100,7.14,HN,1610090502
Cravo Norte,6.3017,-70.2041,74.8,85,78,2.89,CO,1610090502
Bauchi,10.5,10.0,68.58,24,83,4.63,NG,1610090503
Ilulissat,69.2167,-51.1,10.4,72,75,20.71,GL,1610090146
Witu,-2.3889,40.4382,84.2,65,20,5.68,KE,1610090503
Sarti,40.1,23.9833,59.81,73,46,13.13,GR,1610090504
Wendo,6.6,38.4167,70.48,38,67,3.36,ET,1610090504
Berkovica,44.6156,18.4294,35.6,100,90,1.14,BA,1610090504
Husavik,66.0449,-17.3389,42.8,70,90,14.97,IS,1610090151
Mahebourg,-20.4081,57.7,82.4,69,75,13.8,MU,1610090710
Zhigansk,66.7697,123.3711,-33.36,83,100,10.56,RU,1610090711
Samarai,-10.6167,150.6667,84.13,72,100,6.44,PG,1610090291
Pecos,31.4229,-103.4932,37.4,56,1,5.75,US,1610090406
San Ciro De Acosta,21.6333,-99.8167,51.31,59,39,0.67,MX,1610090506
Kapoeta,4.7717,33.5903,89.06,24,35,10.07,SS,1610090506
Yaan,7.3833,8.5667,77.79,81,28,7.34,NG,1610090506
Luderitz,-26.6481,15.1594,69.73,60,0,10.18,NA,1610090153
Snezhnogorsk,69.1933,33.2531,5.0,85,75,4.47,RU,1610090507
Bathsheba,13.2167,-59.5167,77.0,83,75,18.41,BB,1610090243
Bilibino,68.0546,166.4372,-15.68,86,87,1.45,RU,1610090713
Tautira,-17.7333,-149.15,80.6,74,75,4.61,PF,1610090713
Sheridan,44.8333,-106.9173,34.0,86,90,12.66,US,1610090302
Grindavik,63.8424,-22.4338,42.8,100,90,32.21,IS,1610090206
Bilma,18.6853,12.9164,72.01,21,0,7.31,NE,1610090265
Xiongyue,40.1774,122.1228,6.98,78,0,10.85,CN,1610090508
Tazovskiy,67.4667,78.7,-7.42,91,100,16.4,RU,1610090238
Airai,-8.9266,125.4092,66.74,100,100,2.28,TL,1610090155
Lebu,-37.6167,-73.65,52.65,83,100,17.47,CL,1610090132
Kodiak,57.79,-152.4072,35.6,93,90,10.36,US,1610090715
Qui Nhon,13.7667,109.2333,73.96,85,92,20.18,VN,1610090511
Lorengau,-2.0226,147.2712,80.29,87,99,12.59,PG,1610090155
Guerrero Negro,27.9769,-114.0611,58.24,65,0,6.35,MX,1610090512
Caravelas,-17.7125,-39.2481,73.78,92,3,6.17,BR,1610090133
Lompoc,34.6391,-120.4579,50.0,87,90,4.61,US,1610090171
Lasa,46.6166,10.7002,24.01,86,0,1.14,IT,1610090284
Santa Maria Chiquimula,15.0303,-91.3292,45.0,100,95,1.05,GT,1610090513
Rezekne,56.5,27.3167,19.72,98,100,8.97,LV,1610090513
Coos Bay,43.3665,-124.2179,50.0,76,90,13.8,US,1610090513
Vostok,46.4856,135.8833,-16.91,84,100,3.83,RU,1610090232
Nortelandia,-14.4547,-56.8028,72.25,90,99,0.51,BR,1610090281
Okhotsk,59.3833,143.3,-17.86,84,84,11.52,RU,1610090515
Shangrao,28.4532,117.9686,37.9,61,13,7.56,CN,1610090717
Fairbanks,64.8378,-147.7164,-0.4,78,75,3.6,US,1610090663
Hecun,36.5333,114.1111,30.58,53,0,15.01,CN,1610090516
Mehamn,71.0357,27.8492,21.2,63,0,24.16,NO,1610090223
Marzuq,14.4,46.4667,62.82,30,0,5.08,YE,1610090125
Tokur,53.1333,132.9,-31.4,85,66,1.86,RU,1610090517
Nigran,42.1415,-8.8066,39.0,100,20,3.44,ES,1610090517
Lucea,18.451,-78.1736,75.2,83,20,5.75,JM,1610090274
Port Augusta,-32.5,137.7667,93.0,39,0,17.27,AU,1610090518
Norman Wells,65.282,-126.8329,-11.2,84,1,3.44,CA,1610090518
Tura,25.5198,90.2201,79.45,39,78,4.45,IN,1610090720
Qaqortoq,60.7167,-46.0333,35.6,93,90,1.14,GL,1610090239
Miandrivazo,-19.5167,45.4667,86.83,61,88,0.25,MG,1610090519
Denver,39.7392,-104.9847,33.01,59,0,4.0,US,1610090513
Naze,28.3667,129.4833,51.8,66,75,16.11,JP,1610090721
Pemangkat,1.1667,108.9667,80.8,84,100,12.5,ID,1610090520
Hovd,48.0056,91.6419,-5.82,79,3,3.02,MN,1610090211
Camana,-16.6228,-72.7111,70.77,76,2,6.38,PE,1610090520
Colac,-38.3333,143.5833,66.0,74,0,5.99,AU,1610090520
Arbazh,57.6804,48.3065,12.42,96,88,5.99,RU,1610090521
Grand Gaube,-20.0064,57.6608,82.99,69,3,10.0,MU,1610090521
Monrovia,6.3005,-10.7969,75.2,94,40,2.62,LR,1610090185
Rio Gallegos,-51.6226,-69.2181,53.6,54,75,13.8,AR,1610090521
Bandarban,22.1965,92.2262,88.34,26,8,5.19,BD,1610090522
Nunchia,5.6406,-72.1986,70.83,77,98,2.93,CO,1610090522
Vagur,61.4732,-6.8119,33.53,84,100,10.11,FO,1610090522
Inirida,3.8653,-67.9239,72.12,98,100,0.56,CO,1610090523
Atar,20.5169,-13.0499,62.42,56,0,1.7,MR,1610090140
Mirzapur,25.15,82.5833,69.8,73,20,1.14,IN,1610090523
Yabassi,4.457,9.9682,78.8,100,40,3.44,CM,1610090523
Omboue,-1.5746,9.2618,76.35,91,100,5.59,GA,1610090524
Baft,29.234,56.6057,41.27,34,0,0.92,IR,1610090524
Nome,64.5011,-165.4064,3.2,78,90,9.22,US,1610090143
Shimoda,34.6667,138.95,41.0,45,40,17.27,JP,1610090282
Beringovskiy,63.05,179.3167,-16.69,86,0,4.25,RU,1610090725
Santa Catalina,9.3337,122.8637,82.4,83,75,6.91,PH,1610090293
Marsh Harbour,26.5412,-77.0636,72.32,73,17,14.92,BS,1610090525
Kavaratti,10.5669,72.642,82.24,69,33,1.41,IN,1610090204
Burgeo,47.6167,-57.6152,39.51,95,100,9.64,CA,1610090526
Medina,24.4686,39.6142,64.4,55,20,13.8,SA,1610090526
Camopi,3.1655,-52.3158,71.28,98,72,1.57,GF,1610090526
Pauini,-7.7136,-66.9764,70.36,97,100,1.32,BR,1610090527
Saldanha,-33.0117,17.9442,73.4,56,0,12.66,ZA,1610090194
Oranjemund,-28.55,16.4333,63.25,83,83,13.02,NA,1610090178
Capreol,46.706,-80.9225,5.0,85,20,9.22,CA,1610090527
Joacaba,-27.1781,-51.5047,66.27,91,88,0.96,BR,1610090528
Peterhead,57.5058,-1.7981,32.0,93,75,13.8,GB,1610090528
San Jose,37.3394,-121.895,48.99,87,75,0.29,US,1610090296
Veraval,20.9,70.3667,78.89,43,0,10.36,IN,1610090528
Sao Filipe,14.8961,-24.4956,73.06,81,0,8.59,CV,1610090529
Raudeberg,61.9875,5.1352,34.0,76,92,9.53,NO,1610090729
Katherine,-14.4667,132.2667,98.6,36,40,6.91,AU,1610090729
Calbuco,-41.768,-73.1273,46.4,93,40,3.44,CL,1610090529
Los Angeles,34.0522,-118.2437,54.0,82,1,0.87,US,1610090073
Salalah,17.0151,54.0924,78.8,22,0,9.22,OM,1610090028
Tchibanga,-2.85,11.0333,72.27,98,100,1.83,GA,1610090530
Lianzhou,24.7811,112.3825,44.58,49,13,10.85,CN,1610090530
Sambava,-14.2667,50.1667,84.36,61,1,8.16,MG,1610090731
Zhicheng,30.2956,111.5047,40.37,55,0,5.57,CN,1610090531
Shu,43.5983,73.7614,16.52,91,58,4.09,KZ,1610090531
Vestmannaeyjar,63.4427,-20.2734,42.8,100,90,31.07,IS,1610090179
Tadine,-21.55,167.8833,77.59,89,100,13.2,NC,1610090168
Okahandja,-21.9833,16.9167,72.0,82,4,3.44,NA,1610090238
Vrangel,42.7297,133.0839,-0.02,78,0,16.58,RU,1610090532
Bubaque,11.2833,-15.8333,78.73,74,0,11.54,GW,1610090161
Tuatapere,-46.1333,167.6833,57.0,73,24,8.99,NZ,1610090733
Kribi,2.95,9.9167,80.13,81,76,3.2,CM,1610090533
Kavieng,-2.5744,150.7967,83.82,75,100,12.08,PG,1610090734
Listvyanka,51.8535,104.8693,12.2,67,40,8.95,RU,1610090303
Manado,1.487,124.8455,87.8,70,40,9.22,ID,1610090534
Murgab,37.4966,61.9714,32.0,74,0,13.8,TM,1610090534
Coolum Beach,-26.5333,153.1,71.01,98,100,1.01,AU,1610090534
Las Palmas,28.4204,-14.0131,66.2,77,40,19.57,ES,1610090535
Andenes,69.3143,16.1194,30.2,93,90,13.8,NO,1610090287
Barwadih,23.8333,84.1167,83.41,33,2,4.05,IN,1610090535
Hirara,24.8,125.2833,51.8,82,75,10.36,JP,1610090535
Krasnoselkup,65.7,82.4667,-15.21,82,49,16.04,RU,1610090167
Lewistown,40.5992,-77.5714,28.99,93,1,5.75,US,1610090536
Namatanai,-3.6667,152.4333,81.75,79,100,10.49,PG,1610090536
Vao,-22.6667,167.4833,79.07,84,100,18.52,NC,1610090141
Balaipungut,1.05,101.2833,87.8,62,40,9.22,ID,1610090536
Along,28.1667,94.7667,77.16,35,0,1.97,IN,1610090218
Gumdag,39.2061,54.5906,34.72,77,85,19.95,TM,1610090537
Ugoofaaru,5.6667,73.0,82.29,70,50,2.19,MV,1610090537
Escanaba,45.7453,-87.0646,28.99,74,90,3.44,US,1610090537
Colares,38.7992,-9.4469,46.0,49,0,16.11,PT,1610090538
Motala,58.5371,15.0365,32.0,100,90,11.5,SE,1610090538
Faya,18.3851,42.4509,60.8,58,20,4.61,SA,1610090738
Axim,4.8699,-2.2405,78.85,88,94,5.37,GH,1610090538
Okha,53.5739,142.9478,-17.36,86,91,13.71,RU,1610090738
Alingsas,57.9303,12.5335,30.0,93,75,13.8,SE,1610090539
Wooster,40.8051,-81.9351,30.99,80,90,9.22,US,1610090539
Portsmouth,50.799,-1.0913,33.01,100,90,2.08,GB,1610090539
Yulara,-25.2406,130.9889,95.0,8,0,17.27,AU,1610090739
Daru,-9.0763,143.2092,85.44,70,100,4.38,PG,1610090540
Komsomolskiy,40.4272,71.7189,24.8,63,75,2.3,UZ,1610090258
Bandarbeyla,9.4942,50.8122,75.92,59,0,23.2,SO,1610090540
Kununurra,-15.7667,128.7333,100.4,28,8,5.75,AU,1610090156
Altay,47.8667,88.1167,11.84,77,100,1.61,CN,1610090541
Kang,-23.6752,22.7876,75.7,68,93,10.36,BW,1610090541
Avera,33.194,-82.5271,44.6,94,90,4.61,US,1610090204
Ketchikan,55.3422,-131.6461,46.4,66,1,10.36,US,1610090154
Kalmunai,7.4167,81.8167,83.8,72,91,5.3,LK,1610090543
Bengkulu,-3.8004,102.2655,85.6,63,99,8.97,ID,1610090154
Ploemeur,47.7333,-3.4333,28.4,93,75,6.91,FR,1610090282
Vila Franca Do Campo,37.7167,-25.4333,53.6,71,40,10.36,PT,1610090543
Vanavara,60.34,102.2797,1.45,90,86,9.8,RU,1610090543
Alice Springs,-23.7,133.8833,91.4,13,0,17.27,AU,1610090544
Xichang,27.8964,102.2634,57.0,31,72,3.27,CN,1610090544
Abilene,32.4487,-99.7331,35.6,80,1,5.93,US,1610090379
Kahului,20.8947,-156.47,73.4,68,1,5.75,US,1610090744
Garden City,42.3256,-83.331,32.0,69,90,6.91,US,1610090544
Peleduy,59.6289,112.7406,2.35,91,100,13.35,RU,1610090545
Paamiut,61.994,-49.6678,25.99,89,100,15.23,GL,1610090169
Beloha,-25.1667,45.05,89.94,46,0,4.61,MG,1610090545
Acajutla,13.5928,-89.8275,76.69,73,89,4.21,SV,1610090484
Tessalit,20.1986,1.0114,69.4,22,0,9.71,ML,1610090546
Xining,36.6167,101.7667,19.87,63,100,3.31,CN,1610090252
Hofn,64.2539,-15.2082,32.11,95,100,10.45,IS,1610090182
Gladstone,-23.85,151.25,80.6,65,90,14.97,AU,1610090546
Gornopravdinsk,60.05,69.9,0.19,92,100,8.12,RU,1610090547
Praya,14.9215,-23.5087,71.6,78,0,11.5,CV,1610090547
Hamilton,39.1834,-84.5333,33.01,74,90,16.11,US,1610090224
Sikonge,-5.6333,32.7667,69.8,88,75,5.75,TZ,1610090547
Igboho,8.8333,3.75,72.19,94,25,4.5,NG,1610090548
Hasaki,35.7333,140.8333,45.0,28,40,6.91,JP,1610090189
Ambilobe,-13.2,49.05,89.04,61,0,1.81,MG,1610090167
Poya,-21.35,165.15,83.91,75,94,2.64,NC,1610090309
Sivas,39.7916,37.0019,33.8,75,40,6.91,TR,1610090548
Sault Sainte Marie,46.5168,-84.3333,17.6,67,1,4.61,CA,1610090531
Elko,41.0002,-115.5012,26.6,80,1,3.44,US,1610090246
Pueblo Nuevo,23.3833,-105.3833,46.24,54,0,6.55,MX,1610090549
Bambanglipuro,-7.95,110.2833,85.32,66,62,1.39,ID,1610090749
Mogapi,-22.323,27.8349,73.4,83,90,5.75,BW,1610090550
Santa Maria,-29.6842,-53.8069,67.64,52,0,2.75,BR,1610090550
Rio Grande,-32.035,-52.0986,63.0,88,0,9.06,BR,1610090550
Kouqian,43.6391,126.4578,-6.02,80,86,9.15,CN,1610090551
Cairns,-16.9167,145.7667,86.0,79,75,4.61,AU,1610090245
Lavrentiya,65.5833,-171.0,-13.47,85,53,3.96,RU,1610090750
Benguela,-12.5763,13.4055,76.41,69,100,0.54,AO,1610090175
Parrita,9.5201,-84.3225,66.2,77,0,6.91,CR,1610090551
San Mateo Del Mar,16.2,-95.0,73.89,70,53,28.9,MX,1610090552
Hargeysa,9.56,44.065,63.57,46,71,18.05,SO,1610090482
Waitati,-45.75,170.5667,57.99,71,83,1.01,NZ,1610090552
Lannion,48.75,-3.4167,33.8,93,100,4.61,FR,1610090552
Dongsheng,39.8161,109.9776,7.72,67,0,24.65,CN,1610090181
Port Lincoln,-34.7333,135.8667,75.38,51,0,11.27,AU,1610090553
Tual,-5.6667,132.75,83.48,73,82,7.05,ID,1610090752
Rovaniemi,66.5,25.7167,15.8,92,75,4.61,FI,1610090553
Moncton,46.1159,-64.8019,27.0,86,75,14.97,CA,1610090405
Marienburg,54.0359,19.0266,30.99,100,100,6.93,PL,1610090553
Zhanaozen,43.3,52.8,31.1,75,61,25.03,KZ,1610090254
Gandai,21.6667,81.1,75.51,43,97,5.03,IN,1610090554
Mandan,46.8267,-100.8896,33.8,100,90,4.61,US,1610090753
Bugasan,7.4408,124.2592,82.31,75,59,5.08,PH,1610090554
Pangnirtung,66.1451,-65.7125,-5.69,61,100,2.55,CA,1610090754
Khlung,12.4547,102.2214,95.0,36,20,12.66,TH,1610090555
Simoes,-7.5989,-40.8178,75.61,62,98,2.75,BR,1610090555
Taree,-31.9,152.4667,69.8,78,90,8.05,AU,1610090555
Amga,60.8953,131.9608,-21.35,86,100,0.89,RU,1610090314
Vanimo,-2.6741,141.3028,80.96,85,100,6.89,PG,1610090174
Jutai,-5.1833,-68.9,71.2,98,100,1.45,BR,1610090556
Yeppoon,-23.1333,150.7333,82.4,65,90,9.22,AU,1610090556
Qasigiannguit,68.8193,-51.1922,10.4,72,75,20.71,GL,1610090556
Mugur-Aksy,50.35,90.5,2.77,77,57,1.92,RU,1610090557
Yar-Sale,66.8333,70.8333,-11.45,88,100,12.5,RU,1610090221
Natal,-5.795,-35.2094,80.6,74,40,9.22,BR,1610090557
Charters Towers,-20.1,146.2667,85.51,70,100,11.41,AU,1610090557
Taltal,-25.4,-70.4833,63.39,80,78,2.89,CL,1610090756
Erenhot,43.6475,111.9767,0.55,87,0,13.38,CN,1610090558
Lodwar,3.1191,35.5973,89.06,25,9,12.73,KE,1610090558
Huilong,31.8111,121.655,34.0,27,0,1.01,CN,1610090558
Tiksi,71.6872,128.8694,-15.43,88,100,15.23,RU,1610090757
Ola,59.5833,151.2833,-6.27,81,68,4.99,RU,1610090559
Port Hardy,50.6996,-127.4199,50.0,71,75,29.93,CA,1610090559
Tiznit,29.5833,-9.5,59.32,78,16,13.91,MA,1610090559
Klaksvik,62.2266,-6.589,30.2,74,90,10.02,FO,1610090192
Para De Minas,-19.8603,-44.6083,68.0,88,90,3.69,BR,1610090560
Tonj,7.2737,28.6822,83.08,25,0,5.97,SS,1610090212
Kitoy,52.6,103.9,12.2,67,40,8.95,RU,1610090560
Najran,17.4924,44.1277,62.6,42,40,4.61,SA,1610090561
Coihaique,-45.5752,-72.0662,50.0,66,90,3.44,CL,1610090181
Qom,34.6401,50.8764,41.11,60,0,1.79,IR,1610090561
Iquitos,-3.7481,-73.2472,75.2,94,90,4.61,PE,1610090561
Vila Praia De Ancora,41.811,-8.8526,39.0,100,20,3.44,PT,1610090561
Roma,43.2128,-75.4557,23.0,79,90,6.91,US,1610090196
Kimbe,-5.5502,150.1429,83.53,81,100,2.55,PG,1610090562
Dawei,14.0833,98.2,92.16,41,14,5.86,MM,1610090562
Isla Mujeres,21.2311,-86.731,73.0,94,40,6.91,MX,1610090562
Jalu,29.0331,21.5482,61.92,46,43,1.21,LY,1610090761
Sulangan,11.1373,123.7228,80.89,83,37,18.63,PH,1610090563
Abrau-Dyurso,44.69,37.59,48.0,76,75,6.71,RU,1610090563
Teahupoo,-17.8333,-149.2667,80.6,74,75,4.61,PF,1610090563
Mecca,21.4267,39.8261,77.61,47,0,2.82,SA,1610090762
Chelno-Vershiny,54.4333,51.1,18.82,97,100,13.62,RU,1610090564
Nelson Bay,-32.7167,152.15,72.0,64,90,19.57,AU,1610090564
Tikapur,28.5,81.1333,79.03,24,0,6.46,NP,1610090564
Chitral,35.8462,71.7858,38.35,61,87,5.59,PK,1610090564
Bahia Honda,22.9036,-83.1592,70.77,85,97,4.56,CU,1610090564
Rurrenabaque,-14.4413,-67.5278,68.04,96,93,0.98,BO,1610090565
Mgandu,-5.95,34.1333,69.82,86,47,5.14,TZ,1610090565
Energetik,51.7445,58.7934,2.12,92,100,11.72,RU,1610090565
Faanui,-16.4833,-151.75,81.25,72,100,8.7,PF,1610090764
Kanigoro,-8.13,112.219,83.35,69,100,4.79,ID,1610090566
Sungaipenuh,-2.0833,101.3833,76.17,78,100,2.66,ID,1610090285
Belem De Sao Francisco,-8.7539,-38.9658,75.58,69,29,9.46,BR,1610090566
Jeremie,18.65,-74.1167,74.66,76,100,2.91,HT,1610090566
Batagay,67.6333,134.6333,-21.89,85,100,2.48,RU,1610090567
Esperance,-33.8667,121.9,91.4,27,0,20.71,AU,1610090765
Sabha,27.0377,14.4283,63.66,33,91,5.64,LY,1610090766
Hudiksvall,61.729,17.1036,23.86,97,100,6.2,SE,1610090567
Usinsk,65.9939,57.5281,-9.69,91,83,2.06,RU,1610090212
Huanren,41.2647,125.3667,-1.61,68,66,4.41,CN,1610090568
Sao Felix Do Xingu,-6.6447,-51.995,72.07,88,93,0.36,BR,1610090568
Carutapera,-1.195,-46.02,79.56,83,100,7.18,BR,1610090203
Chinsali,-10.5414,32.0816,70.97,89,72,6.87,ZM,1610090568
Eston,51.1501,-108.7514,10.4,92,1,5.75,CA,1610090569
Russell,32.3502,-85.1999,44.6,93,90,2.66,US,1610090569
Dickinson,29.4608,-95.0513,48.0,76,20,6.91,US,1610090569
Jawhar,2.7809,45.5005,82.47,42,0,19.24,SO,1610090570
Puerto El Triunfo,13.2833,-88.55,73.4,94,40,2.3,SV,1610090570
Aksarka,66.5606,67.7975,-15.48,88,100,13.09,RU,1610090570
Oksfjord,70.2396,22.3479,28.4,69,75,9.22,NO,1610090768
Asau,46.4333,26.4,36.0,59,100,1.9,RO,1610090768
Alekseyevsk,57.8406,108.3492,-2.99,89,100,12.82,RU,1610090216
Lukulu,-14.3707,23.242,69.91,88,100,9.19,ZM,1610090571
Rundu,-17.9333,19.7667,70.02,87,100,4.74,NA,1610090571
Merauke,-8.4667,140.3333,83.66,76,100,10.67,ID,1610090571
Chongwe,-15.3292,28.682,71.92,89,100,6.02,ZM,1610090572
Chapais,49.7834,-74.8492,3.2,92,75,9.22,CA,1610090572
Aklavik,68.2191,-135.0107,15.8,85,0,2.3,CA,1610090231
Aksu,41.1231,80.2644,20.88,75,19,1.57,CN,1610090770
Dharmabad,18.9,77.85,86.97,39,53,7.65,IN,1610090573
Guatire,10.4762,-66.5427,75.2,88,75,1.54,VE,1610090573
Kisangani,0.5167,25.2,78.22,76,97,3.56,CD,1610090573
Makakilo City,21.3469,-158.0858,75.2,83,1,3.29,US,1610090286
Mikkeli,61.6886,27.2723,19.0,95,100,5.64,FI,1610090574
Niquelandia,-14.4739,-48.4597,70.65,87,100,1.97,BR,1610090574
Iturbe,-26.05,-56.4833,69.87,97,2,2.62,PY,1610090574
Khandyga,62.6667,135.6,-43.49,77,48,2.37,RU,1610090574
Dryden,49.7833,-92.7503,21.2,93,90,5.75,CA,1610090574
Namibe,-15.1961,12.1522,71.67,74,100,2.82,AO,1610090772
Baniyas,35.1819,35.9487,59.0,58,0,4.61,SY,1610090575
Praia,14.9215,-23.5087,71.6,78,0,11.5,CV,1610090547
Severo-Kurilsk,50.6789,156.125,21.11,82,100,12.03,RU,1610090773
Karachi,24.9056,67.0822,68.0,9,0,12.66,PK,1610090309
Evensk,61.95,159.2333,-8.19,79,51,4.81,RU,1610090774
Zlynka,52.4267,31.7378,32.0,100,90,13.42,RU,1610090576
Aykhal,66.0,111.5,-3.78,89,100,20.6,RU,1610090577
Te Anau,-45.4167,167.7167,57.96,73,5,5.08,NZ,1610090577
Leander,30.5788,-97.8531,39.99,85,0,5.5,US,1610090361
Shitanjing,39.2342,106.3439,11.43,57,0,6.62,CN,1610090577
Opuwo,-18.0607,13.84,75.65,56,42,1.57,NA,1610090198
Norcasia,5.5778,-74.8852,68.29,90,84,2.13,CO,1610090578
Jacmel,18.2342,-72.5347,75.2,83,3,3.44,HT,1610090578
Pisco,-13.7,-76.2167,73.4,73,99,1.14,PE,1610090206
Poronaysk,49.2167,143.1167,-3.53,87,86,11.34,RU,1610090295
Southbridge,42.0751,-72.0334,28.0,61,0,1.01,US,1610090579
Landerneau,48.4525,-4.2525,35.6,80,90,6.91,FR,1610090579
Villa De Reyes,21.8,-100.9333,44.6,65,40,1.21,MX,1610090580
Adre,13.4667,22.2,72.03,22,0,25.05,TD,1610090211
Koumac,-20.5667,164.2833,84.07,76,47,8.21,NC,1610090580
Half Moon Bay,37.4636,-122.4286,53.01,81,75,4.61,US,1610090581
Lazaro Cardenas,17.9583,-102.2,71.89,84,0,5.03,MX,1610090581
Taranagar,28.6709,75.0351,64.85,36,2,3.31,IN,1610090581
Plettenberg Bay,-34.0527,23.3716,71.04,76,90,6.38,ZA,1610090582
Kysyl-Syr,63.8986,122.7617,-29.9,84,100,2.95,RU,1610090265
Noumea,-22.2763,166.4572,86.0,65,90,6.91,NC,1610090163
Wufeng,27.45,104.8333,25.83,97,100,5.57,CN,1610090582
Takaungu,-3.6837,39.8566,84.2,65,75,6.91,KE,1610090583
Hazorasp,41.3194,61.0742,26.6,59,58,16.11,UZ,1610090583
Viedma,-40.8135,-62.9967,57.04,69,0,5.99,AR,1610090303
Jiuquan,39.7432,98.5174,12.22,75,99,5.59,CN,1610090251
Milkovo,54.7167,158.6167,-6.99,91,91,0.45,RU,1610090217
Pithiviers,48.1667,2.25,30.99,93,17,3.44,FR,1610090584
Bitadton,11.4969,122.0851,78.6,82,100,19.08,PH,1610090585
La Rioja,42.25,-2.5,30.99,80,0,9.22,ES,1610090585
Isangel,-19.55,169.2667,80.6,94,90,5.75,VU,1610090230
Capao Bonito,-24.0058,-48.3494,66.25,98,100,2.95,BR,1610090586
Poum,-20.2333,164.0167,83.61,74,83,6.11,NC,1610090782
Los Llanos De Aridane,28.6585,-17.9182,60.8,77,20,2.3,ES,1610090586
Sorland,67.667,12.6934,32.0,86,75,9.22,NO,1610090313
Demak,-6.8909,110.6396,86.0,74,40,10.36,ID,1610090587
Ambon,-3.6954,128.1814,85.23,70,100,5.57,ID,1610090232
Chihuahua,28.5,-106.0,49.17,47,0,3.76,MX,1610090337
La Tuque,47.4334,-72.7824,17.6,79,0,9.22,CA,1610090588
Jurado,7.1053,-77.7641,73.31,88,31,3.6,CO,1610090588
Qixingtai,30.4135,111.8874,39.33,52,0,3.69,CN,1610090588
Galautas,46.9167,25.4333,24.01,85,100,0.72,RO,1610090588
Kingaroy,-26.5333,151.8333,64.4,88,90,11.5,AU,1610090589
Channel-Port Aux Basques,47.5702,-59.1367,38.89,94,100,7.34,CA,1610090589
Caraquet,47.7941,-64.9386,26.6,63,100,11.5,CA,1610090590
Gotsu,35.0,132.2167,28.4,74,75,20.71,JP,1610090590
Neiafu,-18.65,-173.9833,78.8,83,75,6.91,TO,1610090785
Mamou,10.5,-12.0,63.99,34,88,1.79,GN,1610090591
Bayir,37.2687,28.2167,51.8,100,40,3.44,TR,1610090591
Araouane,18.9048,-3.5265,67.23,25,0,6.46,ML,1610090591
Yatou,37.15,122.3833,18.23,91,91,18.39,CN,1610090786
Umm Kaddadah,13.6017,26.6876,75.15,20,0,26.15,SD,1610090591
Bogatynia,50.9075,14.9563,32.0,93,51,5.01,PL,1610090592
Kupang,-10.1667,123.5833,82.4,83,40,5.75,ID,1610090786
Alyangula,-13.8483,136.4192,82.4,83,40,2.3,AU,1610090592
Merrill,45.1805,-89.6835,23.0,92,90,2.19,US,1610090592
Dong Hoi,17.4833,106.6,59.77,89,100,22.35,VN,1610090409
Carauari,-4.8828,-66.8958,70.83,98,100,1.23,BR,1610090593
Scottsbluff,41.8666,-103.6672,33.01,69,90,5.75,US,1610090593
Gela,37.0803,14.2307,54.0,100,0,3.44,IT,1610090593
Neryungri,56.6709,124.6491,-8.1,87,100,9.78,RU,1610090594
Sibut,5.718,19.0739,76.95,19,100,3.53,CF,1610090594
Egvekinot,66.3167,-179.1667,-18.92,91,100,2.91,RU,1610090304
Ucluelet,48.9329,-125.5528,52.0,61,100,5.01,CA,1610090081
Port Macquarie,-31.4333,152.9167,68.0,94,40,9.22,AU,1610090366
Oleksandrivka,48.9634,32.2349,34.36,87,22,12.93,UA,1610090595
San Policarpo,12.1791,125.5072,79.09,88,100,10.47,PH,1610090595
Donskoye,45.4552,41.9741,50.0,46,0,8.95,RU,1610090595
Vorukh,39.8494,70.5838,23.14,77,0,2.48,TJ,1610090596
Teya,60.3778,92.6267,-3.62,87,48,0.92,RU,1610090228
Thinadhoo,0.5333,72.9333,83.59,79,83,18.34,MV,1610090790
Santa Cruz,-17.8,-63.1667,73.4,94,40,9.22,BO,1610090580
Sistranda,63.7256,8.834,23.0,80,0,20.71,NO,1610090596
La Paz,-16.5,-68.15,41.0,93,75,5.57,BO,1610090561
Otjimbingwe,-22.35,16.1333,80.38,53,17,0.78,NA,1610090597
High Prairie,55.4334,-116.4858,19.4,79,0,13.8,CA,1610090597
Rocha,-34.4833,-54.3333,65.75,52,0,4.68,UY,1610090199
Herat,34.5,62.0,28.4,50,0,4.43,AF,1610090598
Nantucket,41.2835,-70.0995,33.8,75,1,12.66,US,1610090203
Saint-Ambroise,48.5501,-71.3324,19.4,86,30,11.5,CA,1610090598
Finschhafen,-6.6024,147.8681,82.83,67,100,3.53,PG,1610090599
Emba,48.8264,58.1442,8.55,92,0,9.33,KZ,1610090209
Gamboma,-1.8764,15.8644,73.78,83,100,6.42,CG,1610090599
Sao Joao Da Barra,-21.6403,-41.0511,75.27,91,61,10.98,BR,1610090523
Letlhakane,-21.4167,25.5833,75.06,70,100,14.32,BW,1610090793
Dingle,10.9995,122.6711,78.42,89,100,12.88,PH,1610090244
Fare,-16.7,-151.0167,80.42,76,89,12.75,PF,1610090280
Aviles,43.5547,-5.9248,35.01,80,40,8.05,ES,1610090600
Porto Belo,-27.1578,-48.5531,77.0,83,0,4.61,BR,1610090482
Liaozhong,41.5061,122.7242,8.6,28,0,8.95,CN,1610090600
Hay River,60.8156,-115.7999,15.8,85,0,3.44,CA,1610090601
Ossora,59.2353,163.0719,-7.28,82,58,5.99,RU,1610090263
Guanica,17.9716,-66.908,70.0,76,0,4.61,PR,1610090601
